<?xml version="1.0" standalone="yes"?>
<Recordset>
  <xs:schema id="Recordset" xmlns="" xmlns:xs="http://www.w3.org/2001/XMLSchema" xmlns:msdata="urn:schemas-microsoft-com:xml-msdata">
    <xs:element name="Recordset" msdata:IsDataSet="true" msdata:MainDataTable="DTTRANS" msdata:UseCurrentLocale="true">
      <xs:complexType>
        <xs:choice minOccurs="0" maxOccurs="unbounded">
          <xs:element name="DTTRANS">
            <xs:complexType>
              <xs:sequence>
                <xs:element name="TID" type="xs:int" minOccurs="0" />
                <xs:element name="TXID" type="xs:int" minOccurs="0" />
                <xs:element name="TNAME" type="xs:string" minOccurs="0" />
                <xs:element name="NOTES" type="xs:string" minOccurs="0" />
                <xs:element name="SHOW_RESULTS" type="xs:boolean" minOccurs="0" />
              </xs:sequence>
            </xs:complexType>
          </xs:element>
        </xs:choice>
      </xs:complexType>
    </xs:element>
  </xs:schema>
  <DTTRANS>
    <TID>1</TID>
    <TXID>1</TXID>
    <TNAME>Return to Stock - Linear CBI</TNAME>
    <NOTES>Linear Material - Return to Stock - Linear CBI
a. Enter Length in inches (Write to SN Field)
Calculate Qty to put back in inventory depending on material UM. Validate fields in
inventory master Red x and message if fields not populated. Length, Weight per Foot
(where necessary).
b.
EA - Use Length from Inventory Master : length input/length part master.
LB - use Weight per foot from Inventory Master : (length input/12)*weight
per foot
FT - Inches X 12
a. Return Lot number with suffix of -1 etc.
b. Return original heat info
RTS under part number with an M at the end. (Miscellaneous)
i. Orig part Number Example: PS57200750
ii. RTS Part Number Example: PS57200750M
c.
d. Print Label</NOTES>
    <SHOW_RESULTS>true</SHOW_RESULTS>
  </DTTRANS>
</Recordset>