<?xml version="1.0" standalone="yes"?>
<Recordset>
  <xs:schema id="Recordset" xmlns="" xmlns:xs="http://www.w3.org/2001/XMLSchema" xmlns:msdata="urn:schemas-microsoft-com:xml-msdata">
    <xs:element name="Recordset" msdata:IsDataSet="true" msdata:MainDataTable="DTTRANS" msdata:UseCurrentLocale="true">
      <xs:complexType>
        <xs:choice minOccurs="0" maxOccurs="unbounded">
          <xs:element name="DTTRANS">
            <xs:complexType>
              <xs:sequence>
                <xs:element name="TID" type="xs:int" minOccurs="0" />
                <xs:element name="TXID" type="xs:int" minOccurs="0" />
                <xs:element name="TNAME" type="xs:string" minOccurs="0" />
                <xs:element name="NOTES" type="xs:string" minOccurs="0" />
                <xs:element name="SHOW_RESULTS" type="xs:boolean" minOccurs="0" />
              </xs:sequence>
            </xs:complexType>
          </xs:element>
        </xs:choice>
      </xs:complexType>
    </xs:element>
  </xs:schema>
  <DTTRANS>
    <TID>2</TID>
    <TXID>2</TXID>
    <TNAME>Return to Stock - 2D CBI</TNAME>
    <NOTES>2D Material - Return to Stock - 2D CBI
Red x and message if fields not populated. Length, Width, Weight per Foot (Where
necessary).
i. SF – Length input x width /144
EA - Use Length and Width from inventory master. 
1. (Length Input x width input) / (Length Part Master x Width Part master)
ii.
LB -  Use Weight per foot from Inventory Master and multiply by Sq Ft : (Length
input x width/144 )* weight per foot
iii.
a.
b. Return Lot number with suffix of -1 etc.
c. Return original heat info
RTS under part number with an M at the end.
i. Orig part Number Example: PS57200750
ii. RTS Part Number Example: PS57200750M
d.
e. Print Label</NOTES>
    <SHOW_RESULTS>true</SHOW_RESULTS>
  </DTTRANS>
</Recordset>